<?xml version="1.0" encoding="UTF-8"?>
<metadata xml:lang="ru"><Esri><CreaDate>20180604</CreaDate><CreaTime>08422300</CreaTime><ArcGISFormat>1.0</ArcGISFormat><SyncOnce>TRUE</SyncOnce><DataProperties><itemProps><itemLocation><linkage Sync="TRUE">file://\\Mac\Data\Work\Supplementary\DEM\DEM2.tif</linkage><protocol Sync="TRUE">Local Area Network</protocol></itemLocation></itemProps><copyHistory><copy source="W:\Students\_Дима Вальтер\DEM\DEM2.tif" dest="\\Mac\Data\Work\Supplementary\DEM\DEM2.tif" date="20180604" time="08422300"></copy></copyHistory></DataProperties></Esri></metadata>
